origin,year,migrant_stock
Afghanistan,1990,7679582
Afghanistan,1995,4347049
Afghanistan,2000,4750677
Afghanistan,2005,4116739
Afghanistan,2010,5269518
Afghanistan,2015,5400916
Afghanistan,2020,5853838
Albania,1990,180204
Albania,1995,501066
Albania,2000,824442
Albania,2005,966032
Albania,2010,1117940
Albania,2015,1142844
Albania,2020,1250451
Algeria,1990,921665
Algeria,1995,979641
Algeria,2000,1037985
Algeria,2005,1599647
Algeria,2010,1655264
Algeria,2015,1836502
Algeria,2020,2022337
American Samoa,1990,2041
American Samoa,1995,2638
American Samoa,2000,3186
American Samoa,2005,2588
American Samoa,2010,2157
American Samoa,2015,1961
American Samoa,2020,1832
Andorra,1990,3740
Andorra,1995,4142
Andorra,2000,5575
Andorra,2005,5727
Andorra,2010,7909
Andorra,2015,8740
Andorra,2020,11132
Angola,1990,824886
Angola,1995,688581
Angola,2000,913206
Angola,2005,716766
Angola,2010,651383
Angola,2015,618288
Angola,2020,668066
Anguilla,1990,1832
Anguilla,1995,2166
Anguilla,2000,2508
Anguilla,2005,2425
Anguilla,2010,2273
Anguilla,2015,2553
Anguilla,2020,2505
Antigua and Barbuda,1990,21382
Antigua and Barbuda,1995,26965
Antigua and Barbuda,2000,32782
Antigua and Barbuda,2005,36398
Antigua and Barbuda,2010,41347
Antigua and Barbuda,2015,52189
Antigua and Barbuda,2020,66561
Argentina,1990,430155
Argentina,1995,481968
Argentina,2000,555542
Argentina,2005,805291
Argentina,2010,938639
Argentina,2015,943843
Argentina,2020,1076148
Armenia,1990,899678
Armenia,1995,901859
Armenia,2000,877148
Armenia,2005,900648
Armenia,2010,917043
Armenia,2015,944520
Armenia,2020,958190
Aruba,1990,5887
Aruba,1995,6705
Aruba,2000,7662
Aruba,2005,9482
Aruba,2010,13524
Aruba,2015,16621
Aruba,2020,21456
Australia,1990,301013
Australia,1995,341312
Australia,2000,381836
Australia,2005,428769
Australia,2010,486949
Australia,2015,518158
Australia,2020,598765
Austria,1990,505214
Austria,1995,490045
Austria,2000,478091
Austria,2005,493349
Austria,2010,517401
Austria,2015,515234
Austria,2020,600740
Azerbaijan,1990,1634157
Azerbaijan,1995,1712214
Azerbaijan,2000,1630589
Azerbaijan,2005,1455180
Azerbaijan,2010,1160863
Azerbaijan,2015,1130348
Azerbaijan,2020,1163922
Bahamas,1990,25137
Bahamas,1995,29594
Bahamas,2000,34301
Bahamas,2005,34715
Bahamas,2010,35990
Bahamas,2015,42965
Bahamas,2020,53793
Bahrain,1990,12817
Bahrain,1995,26014
Bahrain,2000,47736
Bahrain,2005,51835
Bahrain,2010,52235
Bahrain,2015,56721
Bahrain,2020,58270
Bangladesh,1990,5450443
Bangladesh,1995,5423528
Bangladesh,2000,5441094
Bangladesh,2005,5492474
Bangladesh,2010,6319871
Bangladesh,2015,6831282
Bangladesh,2020,7401763
Barbados,1990,84766
Barbados,1995,89612
Barbados,2000,94998
Barbados,2005,92975
Barbados,2010,96193
Barbados,2015,101879
Barbados,2020,99611
Belarus,1990,1767600
Belarus,1995,1736493
Belarus,2000,1685646
Belarus,2005,1581160
Belarus,2010,1464702
Belarus,2015,1469882
Belarus,2020,1483626
Belgium,1990,363970
Belgium,1995,374734
Belgium,2000,398864
Belgium,2005,437701
Belgium,2010,484032
Belgium,2015,515793
Belgium,2020,577463
Belize,1990,36101
Belize,1995,41950
Belize,2000,48211
Belize,2005,51883
Belize,2010,57371
Belize,2015,63099
Belize,2020,52756
Benin,1990,234314
Benin,1995,275696
Benin,2000,328046
Benin,2005,504165
Benin,2010,541152
Benin,2015,634923
Benin,2020,681827
Bermuda,1990,71681
Bermuda,1995,42587
Bermuda,2000,14079
Bermuda,2005,14907
Bermuda,2010,15313
Bermuda,2015,16225
Bermuda,2020,21107
Bhutan,1990,28461
Bhutan,1995,117967
Bhutan,2000,120183
Bhutan,2005,120319
Bhutan,2010,91934
Bhutan,2015,51391
Bhutan,2020,51998
Bolivia (Plurinational State of),1990,224693
Bolivia (Plurinational State of),1995,283540
Bolivia (Plurinational State of),2000,344702
Bolivia (Plurinational State of),2005,543766
Bolivia (Plurinational State of),2010,779961
Bolivia (Plurinational State of),2015,824008
Bolivia (Plurinational State of),2020,927244
"Bonaire, Sint Eustatius and Saba",1990,445
"Bonaire, Sint Eustatius and Saba",1995,540
"Bonaire, Sint Eustatius and Saba",2000,647
"Bonaire, Sint Eustatius and Saba",2005,753
"Bonaire, Sint Eustatius and Saba",2010,7065
"Bonaire, Sint Eustatius and Saba",2015,7295
"Bonaire, Sint Eustatius and Saba",2020,8148
Bosnia and Herzegovina,1990,861760
Bosnia and Herzegovina,1995,1372526
Bosnia and Herzegovina,2000,1496691
Bosnia and Herzegovina,2005,1501036
Bosnia and Herzegovina,2010,1572925
Bosnia and Herzegovina,2015,1593430
Bosnia and Herzegovina,2020,1687639
Botswana,1990,26048
Botswana,1995,23315
Botswana,2000,26683
Botswana,2005,33281
Botswana,2010,44249
Botswana,2015,55294
Botswana,2020,63561
Brazil,1990,491359
Brazil,1995,730491
Brazil,2000,940458
Brazil,2005,1194575
Brazil,2010,1495404
Brazil,2015,1504231
Brazil,2020,1897128
British Virgin Islands,1990,3094
British Virgin Islands,1995,3368
British Virgin Islands,2000,3683
British Virgin Islands,2005,4008
British Virgin Islands,2010,4921
British Virgin Islands,2015,5118
British Virgin Islands,2020,5355
Brunei Darussalam,1990,26323
Brunei Darussalam,1995,35052
Brunei Darussalam,2000,45242
Brunei Darussalam,2005,45314
Brunei Darussalam,2010,44541
Brunei Darussalam,2015,45110
Brunei Darussalam,2020,45340
Bulgaria,1990,612960
Bulgaria,1995,649430
Bulgaria,2000,688682
Bulgaria,2005,907821
Bulgaria,2010,1106483
Bulgaria,2015,1179625
Bulgaria,2020,1683074
Burkina Faso,1990,1021331
Burkina Faso,1995,1215665
Burkina Faso,2000,1279414
Burkina Faso,2005,1352292
Burkina Faso,2010,1434528
Burkina Faso,2015,1518568
Burkina Faso,2020,1599347
Burundi,1990,337100
Burundi,1995,540558
Burundi,2000,758673
Burundi,2005,619916
Burundi,2010,284078
Burundi,2015,459979
Burundi,2020,551105
Cabo Verde,1990,91363
Cabo Verde,1995,106954
Cabo Verde,2000,124823
Cabo Verde,2005,141984
Cabo Verde,2010,152863
Cabo Verde,2015,171429
Cabo Verde,2020,187558
Cambodia,1990,355428
Cambodia,1995,418213
Cambodia,2000,459621
Cambodia,2005,674436
Cambodia,2010,953059
Cambodia,2015,1074572
Cambodia,2020,1104819
Cameroon,1990,115835
Cameroon,1995,138936
Cameroon,2000,164296
Cameroon,2005,221232
Cameroon,2010,278898
Cameroon,2015,348974
Cameroon,2020,441015
Canada,1990,994254
Canada,1995,1064305
Canada,2000,1142641
Canada,2005,1185156
Canada,2010,1268057
Canada,2015,1263552
Canada,2020,1292329
Cayman Islands,1990,356
Cayman Islands,1995,794
Cayman Islands,2000,1278
Cayman Islands,2005,1290
Cayman Islands,2010,1404
Cayman Islands,2015,1709
Cayman Islands,2020,1908
Central African Republic,1990,46354
Central African Republic,1995,49205
Central African Republic,2000,55416
Central African Republic,2005,131410
Central African Republic,2010,245933
Central African Republic,2015,686224
Central African Republic,2020,816668
Chad,1990,336798
Chad,1995,223096
Chad,2000,206052
Chad,2005,210661
Chad,2010,202423
Chad,2015,191269
Chad,2020,222303
Channel Islands,1990,18726
Channel Islands,1995,15626
Channel Islands,2000,12825
Channel Islands,2005,14815
Channel Islands,2010,15699
Channel Islands,2015,16469
Channel Islands,2020,17158
Chile,1990,493026
Chile,1995,499207
Chile,2000,511997
Chile,2005,541745
Chile,2010,571842
Chile,2015,618015
Chile,2020,643800
China,1990,4231625
China,1995,5030321
China,2000,5884919
China,2005,7337211
China,2010,8714648
China,2015,10240817
China,2020,10461170
"China, Hong Kong SAR",1990,549125
"China, Hong Kong SAR",1995,617237
"China, Hong Kong SAR",2000,685913
"China, Hong Kong SAR",2005,752476
"China, Hong Kong SAR",2010,862070
"China, Hong Kong SAR",2015,957289
"China, Hong Kong SAR",2020,1007788
"China, Macao SAR",1990,86460
"China, Macao SAR",1995,90097
"China, Macao SAR",2000,94517
"China, Macao SAR",2005,108191
"China, Macao SAR",2010,123599
"China, Macao SAR",2015,133296
"China, Macao SAR",2020,145192
Colombia,1990,1009148
Colombia,1995,1215967
Colombia,2000,1433940
Colombia,2005,1883904
Colombia,2010,2554020
Colombia,2015,2698688
Colombia,2020,3024273
Comoros,1990,40079
Comoros,1995,51290
Comoros,2000,70502
Comoros,2005,96143
Comoros,2010,109125
Comoros,2015,121749
Comoros,2020,150823
Congo,1990,96370
Congo,1995,115677
Congo,2000,135235
Congo,2005,172610
Congo,2010,178111
Congo,2015,204829
Congo,2020,223767
Cook Islands,1990,17485
Cook Islands,1995,17009
Cook Islands,2000,19478
Cook Islands,2005,19580
Cook Islands,2010,20556
Cook Islands,2015,21555
Cook Islands,2020,21106
Costa Rica,1990,69283
Costa Rica,1995,84980
Costa Rica,2000,105227
Costa Rica,2005,117618
Costa Rica,2010,132317
Costa Rica,2015,138237
Costa Rica,2020,150241
Croatia,1990,425544
Croatia,1995,735213
Croatia,2000,907031
Croatia,2005,839084
Croatia,2010,820407
Croatia,2015,806242
Croatia,2020,1039526
Cuba,1990,835175
Cuba,1995,934168
Cuba,2000,1047789
Cuba,2005,1160309
Cuba,2010,1314739
Cuba,2015,1505827
Cuba,2020,1757300
Curaçao,1990,2104
Curaçao,1995,2849
Curaçao,2000,3779
Curaçao,2005,4618
Curaçao,2010,45248
Curaçao,2015,6239
Curaçao,2020,7611
Cyprus,1990,174370
Cyprus,1995,163275
Cyprus,2000,153561
Cyprus,2005,153973
Cyprus,2010,163471
Cyprus,2015,166585
Cyprus,2020,173210
Czechia,1990,564746
Czechia,1995,620286
Czechia,2000,723333
Czechia,2005,752058
Czechia,2010,779438
Czechia,2015,819776
Czechia,2020,1026108
Côte d'Ivoire,1990,366336
Côte d'Ivoire,1995,449498
Côte d'Ivoire,2000,539234
Côte d'Ivoire,2005,731962
Côte d'Ivoire,2010,939795
Côte d'Ivoire,2015,1056380
Côte d'Ivoire,2020,1149298
Dem. People's Republic of Korea,1990,39383
Dem. People's Republic of Korea,1995,53797
Dem. People's Republic of Korea,2000,72350
Dem. People's Republic of Korea,2005,86763
Dem. People's Republic of Korea,2010,96459
Dem. People's Republic of Korea,2015,103898
Dem. People's Republic of Korea,2020,110377
Democratic Republic of the Congo,1990,436513
Democratic Republic of the Congo,1995,559824
Democratic Republic of the Congo,2000,862039
Democratic Republic of the Congo,2005,1130872
Democratic Republic of the Congo,2010,1298544
Democratic Republic of the Congo,2015,1572222
Democratic Republic of the Congo,2020,1832069
Denmark,1990,201514
Denmark,1995,207707
Denmark,2000,217761
Denmark,2005,224462
Denmark,2010,233531
Denmark,2015,236832
Denmark,2020,257025
Djibouti,1990,5308
Djibouti,1995,6964
Djibouti,2000,9055
Djibouti,2005,11987
Djibouti,2010,13797
Djibouti,2015,16969
Djibouti,2020,18365
Dominica,1990,40563
Dominica,1995,44210
Dominica,2000,48275
Dominica,2005,64037
Dominica,2010,73583
Dominica,2015,72585
Dominica,2020,78191
Dominican Republic,1990,458021
Dominican Republic,1995,667015
Dominican Republic,2000,889451
Dominican Republic,2005,1014070
Dominican Republic,2010,1184417
Dominican Republic,2015,1454602
Dominican Republic,2020,1608567
Ecuador,1990,214008
Ecuador,1995,326230
Ecuador,2000,446380
Ecuador,2005,986599
Ecuador,2010,1152897
Ecuador,2015,1130774
Ecuador,2020,1127891
Egypt,1990,1321915
Egypt,1995,1492004
Egypt,2000,1708296
Egypt,2005,1807941
Egypt,2010,2586643
Egypt,2015,3151069
Egypt,2020,3610461
El Salvador,1990,1241849
El Salvador,1995,933103
El Salvador,2000,949042
El Salvador,2005,1118793
El Salvador,2010,1337085
El Salvador,2015,1512895
El Salvador,2020,1599058
Equatorial Guinea,1990,36175
Equatorial Guinea,1995,46412
Equatorial Guinea,2000,59930
Equatorial Guinea,2005,71789
Equatorial Guinea,2010,84390
Equatorial Guinea,2015,116947
Equatorial Guinea,2020,128774
Eritrea,1990,170603
Eritrea,1995,375257
Eritrea,2000,511506
Eritrea,2005,299311
Eritrea,2010,328366
Eritrea,2015,624757
Eritrea,2020,802822
Estonia,1990,113860
Estonia,1995,129586
Estonia,2000,141821
Estonia,2005,150101
Estonia,2010,153633
Estonia,2015,189109
Estonia,2020,206631
Eswatini,1990,35179
Eswatini,1995,30340
Eswatini,2000,34116
Eswatini,2005,44861
Eswatini,2010,69030
Eswatini,2015,46236
Eswatini,2020,50039
Ethiopia,1990,1689941
Ethiopia,1995,816420
Ethiopia,2000,445886
Ethiopia,2005,524038
Ethiopia,2010,680290
Ethiopia,2015,842496
Ethiopia,2020,946129
Falkland Islands (Malvinas),1990,255
Falkland Islands (Malvinas),1995,760
Falkland Islands (Malvinas),2000,1262
Falkland Islands (Malvinas),2005,1095
Falkland Islands (Malvinas),2010,1174
Falkland Islands (Malvinas),2015,1370
Falkland Islands (Malvinas),2020,1518
Faroe Islands,1990,7518
Faroe Islands,1995,10003
Faroe Islands,2000,12410
Faroe Islands,2005,12484
Faroe Islands,2010,12364
Faroe Islands,2015,13407
Faroe Islands,2020,12927
Fiji,1990,90161
Fiji,1995,106488
Fiji,2000,131908
Fiji,2005,157045
Fiji,2010,183607
Fiji,2015,208568
Fiji,2020,233856
Finland,1990,250610
Finland,1995,288655
Finland,2000,315861
Finland,2005,300562
Finland,2010,291883
Finland,2015,282223
Finland,2020,311889
France,1990,1215837
France,1995,1353297
France,2000,1555391
France,2005,1725216
France,2010,1956818
France,2015,2119266
France,2020,2341908
French Guiana,1990,2840
French Guiana,1995,3221
French Guiana,2000,3640
French Guiana,2005,3800
French Guiana,2010,3940
French Guiana,2015,4517
French Guiana,2020,4595
French Polynesia,1990,3132
French Polynesia,1995,3738
French Polynesia,2000,4300
French Polynesia,2005,2717
French Polynesia,2010,1550
French Polynesia,2015,1978
French Polynesia,2020,2157
Gabon,1990,15347
Gabon,1995,16610
Gabon,2000,18041
Gabon,2005,41357
Gabon,2010,36933
Gabon,2015,43075
Gabon,2020,48392
Gambia,1990,36280
Gambia,1995,38384
Gambia,2000,45427
Gambia,2005,61209
Gambia,2010,77440
Gambia,2015,96963
Gambia,2020,139210
Georgia,1990,919438
Georgia,1995,953280
Georgia,2000,967022
Georgia,2005,885523
Georgia,2010,805539
Georgia,2015,828931
Georgia,2020,861077
Germany,1990,2929448
Germany,1995,3045354
Germany,2000,3235247
Germany,2005,3442933
Germany,2010,3696638
Germany,2015,3630278
Germany,2020,3855268
Ghana,1990,371157
Ghana,1995,428051
Ghana,2000,495887
Ghana,2005,665731
Ghana,2010,762002
Ghana,2015,892253
Ghana,2020,1004324
Gibraltar,1990,11989
Gibraltar,1995,10130
Gibraltar,2000,8451
Gibraltar,2005,9643
Gibraltar,2010,10197
Gibraltar,2015,11916
Gibraltar,2020,13389
Greece,1990,1022125
Greece,1995,1004201
Greece,2000,982685
Greece,2005,867619
Greece,2010,789457
Greece,2015,820119
Greece,2020,1088507
Greenland,1990,9504
Greenland,1995,11361
Greenland,2000,13388
Greenland,2005,14618
Greenland,2010,15391
Greenland,2015,16711
Greenland,2020,17866
Grenada,1990,43237
Grenada,1995,54075
Grenada,2000,63791
Grenada,2005,64646
Grenada,2010,63930
Grenada,2015,69055
Grenada,2020,62204
Guadeloupe,1990,5765
Guadeloupe,1995,6748
Guadeloupe,2000,7750
Guadeloupe,2005,8911
Guadeloupe,2010,10779
Guadeloupe,2015,11993
Guadeloupe,2020,12542
Guam,1990,1375
Guam,1995,1614
Guam,2000,2797
Guam,2005,2535
Guam,2010,2209
Guam,2015,2132
Guam,2020,2213
Guatemala,1990,348189
Guatemala,1995,461891
Guatemala,2000,582796
Guatemala,2005,736715
Guatemala,2010,924898
Guatemala,2015,1118115
Guatemala,2020,1368431
Guinea,1990,352763
Guinea,1995,365862
Guinea,2000,377019
Guinea,2005,404677
Guinea,2010,455866
Guinea,2015,493411
Guinea,2020,550790
Guinea-Bissau,1990,55406
Guinea-Bissau,1995,67149
Guinea-Bissau,2000,77664
Guinea-Bissau,2005,82846
Guinea-Bissau,2010,91546
Guinea-Bissau,2015,98151
Guinea-Bissau,2020,111790
Guyana,1990,233318
Guyana,1995,295292
Guyana,2000,362157
Guyana,2005,392555
Guyana,2010,439233
Guyana,2015,481258
Guyana,2020,438413
Haiti,1990,524711
Haiti,1995,661354
Haiti,2000,802218
Haiti,2005,967894
Haiti,2010,1123190
Haiti,2015,1467042
Haiti,2020,1769671
Honduras,1990,156379
Honduras,1995,246575
Honduras,2000,342103
Honduras,2005,448882
Honduras,2010,587503
Honduras,2015,729855
Honduras,2020,985077
Hungary,1990,391583
Hungary,1995,404141
Hungary,2000,420959
Hungary,2005,466530
Hungary,2010,511199
Hungary,2015,600887
Hungary,2020,714420
Iceland,1990,17597
Iceland,1995,21433
Iceland,2000,26173
Iceland,2005,28669
Iceland,2010,32454
Iceland,2015,37006
Iceland,2020,43251
India,1990,6619431
India,1995,7153439
India,2000,7928051
India,2005,9588533
India,2010,13221963
India,2015,15885657
India,2020,17869492
Indonesia,1990,1622259
Indonesia,1995,1937233
Indonesia,2000,2415077
Indonesia,2005,2781287
Indonesia,2010,3415963
Indonesia,2015,4065095
Indonesia,2020,4601369
Iran (Islamic Republic of),1990,631196
Iran (Islamic Republic of),1995,746739
Iran (Islamic Republic of),2000,831205
Iran (Islamic Republic of),2005,889502
Iran (Islamic Republic of),2010,985691
Iran (Islamic Republic of),2015,1155617
Iran (Islamic Republic of),2020,1325113
Iraq,1990,642933
Iraq,1995,752604
Iraq,2000,828414
Iraq,2005,1340599
Iraq,2010,2554929
Iraq,2015,1675613
Iraq,2020,2077976
Ireland,1990,917101
Ireland,1995,863541
Ireland,2000,820657
Ireland,2005,769942
Ireland,2010,729466
Ireland,2015,736639
Ireland,2020,734317
Isle of Man,1990,10735
Isle of Man,1995,9003
Isle of Man,2000,7377
Isle of Man,2005,8484
Isle of Man,2010,9033
Isle of Man,2015,10580
Isle of Man,2020,12032
Israel,1990,279625
Israel,1995,290365
Israel,2000,303860
Israel,2005,317009
Israel,2010,333968
Israel,2015,331326
Israel,2020,358691
Italy,1990,3350982
Italy,1995,3207728
Italy,2000,3067498
Italy,2005,2698486
Italy,2010,2559233
Italy,2015,2662661
Italy,2020,3258831
Jamaica,1990,588450
Jamaica,1995,718362
Jamaica,2000,857865
Jamaica,2005,905170
Jamaica,2010,989790
Jamaica,2015,1031596
Jamaica,2020,1118931
Japan,1990,604803
Japan,1995,653293
Japan,2000,708933
Japan,2005,718466
Japan,2010,756792
Japan,2015,764408
Japan,2020,808825
Jordan,1990,313621
Jordan,1995,339026
Jordan,2000,368299
Jordan,2005,440788
Jordan,2010,602099
Jordan,2015,706832
Jordan,2020,814909
Kazakhstan,1990,2971634
Kazakhstan,1995,3295157
Kazakhstan,2000,3554484
Kazakhstan,2005,3717649
Kazakhstan,2010,3797527
Kazakhstan,2015,3885576
Kazakhstan,2020,4203899
Kenya,1990,250332
Kenya,1995,277647
Kenya,2000,317434
Kenya,2005,362031
Kenya,2010,442632
Kenya,2015,480647
Kenya,2020,535348
Kiribati,1990,4053
Kiribati,1995,4246
Kiribati,2000,3991
Kiribati,2005,4021
Kiribati,2010,3565
Kiribati,2015,4127
Kiribati,2020,5103
Kuwait,1990,81583
Kuwait,1995,97009
Kuwait,2000,113415
Kuwait,2005,129005
Kuwait,2010,177816
Kuwait,2015,195034
Kuwait,2020,212271
Kyrgyzstan,1990,522574
Kyrgyzstan,1995,550022
Kyrgyzstan,2000,566315
Kyrgyzstan,2005,652852
Kyrgyzstan,2010,726544
Kyrgyzstan,2015,742841
Kyrgyzstan,2020,774377
Lao People's Democratic Republic,1990,483008
Lao People's Democratic Republic,1995,547786
Lao People's Democratic Republic,2000,649287
Lao People's Democratic Republic,2005,897002
Lao People's Democratic Republic,2010,1198862
Lao People's Democratic Republic,2015,1288179
Lao People's Democratic Republic,2020,1296051
Latvia,1990,215070
Latvia,1995,228958
Latvia,2000,238641
Latvia,2005,270982
Latvia,2010,278168
Latvia,2015,369238
Latvia,2020,380010
Lebanon,1990,507722
Lebanon,1995,531538
Lebanon,2000,558891
Lebanon,2005,608856
Lebanon,2010,699704
Lebanon,2015,757183
Lebanon,2020,856814
Lesotho,1990,191328
Lesotho,1995,136593
Lesotho,2000,120565
Lesotho,2005,159071
Lesotho,2010,243128
Lesotho,2015,191457
Lesotho,2020,202164
Liberia,1990,516878
Liberia,1995,542295
Liberia,2000,248412
Liberia,2005,354792
Liberia,2010,219139
Liberia,2015,205741
Liberia,2020,233564
Libya,1990,76239
Libya,1995,77398
Libya,2000,80014
Libya,2005,100248
Libya,2010,127399
Libya,2015,152544
Libya,2020,185518
Liechtenstein,1990,3425
Liechtenstein,1995,3018
Liechtenstein,2000,2688
Liechtenstein,2005,2935
Liechtenstein,2010,3590
Liechtenstein,2015,3536
Liechtenstein,2020,3706
Lithuania,1990,340973
Lithuania,1995,342389
Lithuania,2000,348564
Lithuania,2005,412371
Lithuania,2010,517746
Lithuania,2015,556292
Lithuania,2020,658057
Luxembourg,1990,36108
Luxembourg,1995,37875
Luxembourg,2000,39762
Luxembourg,2005,52806
Luxembourg,2010,62048
Luxembourg,2015,69366
Luxembourg,2020,81757
Madagascar,1990,59415
Madagascar,1995,67324
Madagascar,2000,77089
Madagascar,2005,148805
Madagascar,2010,160819
Madagascar,2015,175868
Madagascar,2020,193526
Malawi,1990,143436
Malawi,1995,150825
Malawi,2000,186229
Malawi,2005,222023
Malawi,2010,260531
Malawi,2015,297471
Malawi,2020,311052
Malaysia,1990,560353
Malaysia,1995,861208
Malaysia,2000,1201135
Malaysia,2005,1379305
Malaysia,2010,1599061
Malaysia,2015,1781038
Malaysia,2020,1860037
Maldives,1990,2192
Maldives,1995,1687
Maldives,2000,1216
Maldives,2005,2212
Maldives,2010,3543
Maldives,2015,3606
Maldives,2020,3715
Mali,1990,647426
Mali,1995,820564
Mali,2000,772866
Mali,2005,895360
Mali,2010,994832
Mali,2015,1228544
Mali,2020,1303511
Malta,1990,110738
Malta,1995,109839
Malta,2000,104869
Malta,2005,100245
Malta,2010,99294
Malta,2015,93554
Malta,2020,102793
Marshall Islands,1990,1426
Marshall Islands,1995,4154
Marshall Islands,2000,6976
Marshall Islands,2005,6654
Marshall Islands,2010,6492
Marshall Islands,2015,7625
Marshall Islands,2020,10886
Martinique,1990,11036
Martinique,1995,12501
Martinique,2000,14019
Martinique,2005,14340
Martinique,2010,14637
Martinique,2015,12675
Martinique,2020,12963
Mauritania,1990,134478
Mauritania,1995,151710
Mauritania,2000,107607
Mauritania,2005,103107
Mauritania,2010,114192
Mauritania,2015,114630
Mauritania,2020,130226
Mauritius,1990,110707
Mauritius,1995,114073
Mauritius,2000,119003
Mauritius,2005,130649
Mauritius,2010,148186
Mauritius,2015,165869
Mauritius,2020,182973
Mayotte,1990,1835
Mayotte,1995,3937
Mayotte,2000,6214
Mayotte,2005,6468
Mayotte,2010,6342
Mayotte,2015,6545
Mayotte,2020,6767
Mexico,1990,4395355
Mexico,1995,6949276
Mexico,2000,9562878
Mexico,2005,10817810
Mexico,2010,12415222
Mexico,2015,11923234
Mexico,2020,11185737
Micronesia (Fed. States of),1990,7713
Micronesia (Fed. States of),1995,12138
Micronesia (Fed. States of),2000,16914
Micronesia (Fed. States of),2005,18346
Micronesia (Fed. States of),2010,19404
Micronesia (Fed. States of),2015,20633
Micronesia (Fed. States of),2020,24945
Monaco,1990,4475
Monaco,1995,4784
Monaco,2000,5124
Monaco,2005,19103
Monaco,2010,26954
Monaco,2015,29317
Monaco,2020,32552
Mongolia,1990,24466
Mongolia,1995,27694
Mongolia,2000,30648
Mongolia,2005,42354
Mongolia,2010,57405
Mongolia,2015,65485
Mongolia,2020,82098
Montenegro,1990,77384
Montenegro,1995,144640
Montenegro,2000,183451
Montenegro,2005,148013
Montenegro,2010,148754
Montenegro,2015,134028
Montenegro,2020,132965
Montserrat,1990,7178
Montserrat,1995,11586
Montserrat,2000,16132
Montserrat,2005,15810
Montserrat,2010,17378
Montserrat,2015,20136
Montserrat,2020,24582
Morocco,1990,1748116
Morocco,1995,1883924
Morocco,2000,2077010
Morocco,2005,2470656
Morocco,2010,2860702
Morocco,2015,2971770
Morocco,2020,3262222
Mozambique,1990,2222354
Mozambique,1995,812685
Mozambique,2000,644421
Mozambique,2005,662951
Mozambique,2010,797808
Mozambique,2015,596949
Mozambique,2020,640160
Myanmar,1990,685308
Myanmar,1995,911445
Myanmar,2000,1224310
Myanmar,2005,1736590
Myanmar,2010,2492274
Myanmar,2015,2842494
Myanmar,2020,3711751
Namibia,1990,16077
Namibia,1995,28220
Namibia,2000,49348
Namibia,2005,65598
Namibia,2010,99599
Namibia,2015,50410
Namibia,2020,47770
Nauru,1990,1419
Nauru,1995,1511
Nauru,2000,1593
Nauru,2005,1869
Nauru,2010,2130
Nauru,2015,2267
Nauru,2020,2454
Nepal,1990,748053
Nepal,1995,856028
Nepal,2000,977396
Nepal,2005,1289629
Nepal,2010,1712697
Nepal,2015,2270166
Nepal,2020,2599701
Netherlands,1990,716471
Netherlands,1995,726856
Netherlands,2000,747631
Netherlands,2005,790554
Netherlands,2010,854388
Netherlands,2015,867093
Netherlands,2020,970403
New Caledonia,1990,4148
New Caledonia,1995,4600
New Caledonia,2000,4941
New Caledonia,2005,5219
New Caledonia,2010,5377
New Caledonia,2015,5584
New Caledonia,2020,5839
New Zealand,1990,388017
New Zealand,1995,416922
New Zealand,2000,489824
New Zealand,2005,555511
New Zealand,2010,662316
New Zealand,2015,738044
New Zealand,2020,806159
Nicaragua,1990,441488
Nicaragua,1995,437711
Nicaragua,2000,501517
Nicaragua,2005,555532
Nicaragua,2010,610211
Nicaragua,2015,655577
Nicaragua,2020,718154
Niger,1990,149777
Niger,1995,177067
Niger,2000,205236
Niger,2005,304086
Niger,2010,335897
Niger,2015,374993
Niger,2020,399707
Nigeria,1990,446753
Nigeria,1995,524535
Nigeria,2000,610130
Nigeria,2005,817392
Nigeria,2010,996914
Nigeria,2015,1306526
Nigeria,2020,1670455
Niue,1990,5858
Niue,1995,5571
Niue,2000,5749
Niue,2005,5291
Niue,2010,5347
Niue,2015,5348
Niue,2020,5186
North Macedonia,1990,432070
North Macedonia,1995,491992
North Macedonia,2000,532132
North Macedonia,2005,458822
North Macedonia,2010,526151
North Macedonia,2015,563354
North Macedonia,2020,693896
Northern Mariana Islands,1990,2517
Northern Mariana Islands,1995,2647
Northern Mariana Islands,2000,2765
Northern Mariana Islands,2005,2725
Northern Mariana Islands,2010,2611
Northern Mariana Islands,2015,2607
Northern Mariana Islands,2020,2741
Norway,1990,138289
Norway,1995,151041
Norway,2000,163834
Norway,2005,174063
Norway,2010,179971
Norway,2015,185578
Norway,2020,191392
Oman,1990,12504
Oman,1995,13844
Oman,2000,15623
Oman,2005,18824
Oman,2010,20752
Oman,2015,22797
Oman,2020,25099
Pakistan,1990,3341086
Pakistan,1995,3340157
Pakistan,2000,3406434
Pakistan,2005,3777830
Pakistan,2010,4790584
Pakistan,2015,5798210
Pakistan,2020,6328400
Palau,1990,2957
Palau,1995,2844
Palau,2000,3998
Palau,2005,3782
Palau,2010,2619
Palau,2015,2559
Palau,2020,2656
Panama,1990,134392
Panama,1995,132978
Panama,2000,136929
Panama,2005,131417
Panama,2010,139844
Panama,2015,150210
Panama,2020,139520
Papua New Guinea,1990,3107
Papua New Guinea,1995,4059
Papua New Guinea,2000,4552
Papua New Guinea,2005,4493
Papua New Guinea,2010,4231
Papua New Guinea,2015,4980
Papua New Guinea,2020,4810
Paraguay,1990,297742
Paraguay,1995,335845
Paraguay,2000,374675
Paraguay,2005,545698
Paraguay,2010,765811
Paraguay,2015,845591
Paraguay,2020,896484
Peru,1990,313209
Peru,1995,505474
Peru,2000,694144
Peru,2005,969002
Peru,2010,1299095
Peru,2015,1410199
Peru,2020,1519635
Philippines,1990,2012499
Philippines,1995,2481963
Philippines,2000,3062665
Philippines,2005,3684528
Philippines,2010,4692695
Philippines,2015,5498232
Philippines,2020,6094307
Poland,1990,1673426
Poland,1995,1775774
Poland,2000,2047626
Poland,2005,2884657
Poland,2010,3716338
Poland,2015,4077038
Poland,2020,4825096
Portugal,1990,1871869
Portugal,1995,1920865
Portugal,2000,1993793
Portugal,2005,1743009
Portugal,2010,1927397
Portugal,2015,1971655
Portugal,2020,2081419
Puerto Rico,1990,1200245
Puerto Rico,1995,1405619
Puerto Rico,2000,1600058
Puerto Rico,2005,1640015
Puerto Rico,2010,1731818
Puerto Rico,2015,1715817
Puerto Rico,2020,1850529
Qatar,1990,12175
Qatar,1995,13302
Qatar,2000,14680
Qatar,2005,17131
Qatar,2010,20674
Qatar,2015,23574
Qatar,2020,25705
Republic of Korea,1990,1513162
Republic of Korea,1995,1694236
Republic of Korea,2000,1875408
Republic of Korea,2005,1974513
Republic of Korea,2010,2252321
Republic of Korea,2015,2152532
Republic of Korea,2020,2204554
Republic of Moldova,1990,625680
Republic of Moldova,1995,620030
Republic of Moldova,2000,602773
Republic of Moldova,2005,715496
Republic of Moldova,2010,827409
Republic of Moldova,2015,929759
Republic of Moldova,2020,1159443
Romania,1990,811853
Romania,1995,976732
Romania,2000,1138825
Romania,2005,2105906
Romania,2010,3363361
Romania,2015,3420714
Romania,2020,3987093
Russian Federation,1990,12653331
Russian Federation,1995,11587959
Russian Federation,2000,10664764
Russian Federation,2005,10302948
Russian Federation,2010,10118680
Russian Federation,2015,10179999
Russian Federation,2020,10756697
Rwanda,1990,547717
Rwanda,1995,2060363
Rwanda,2000,318198
Rwanda,2005,289100
Rwanda,2010,334244
Rwanda,2015,503667
Rwanda,2020,492489
Réunion,1990,3087
Réunion,1995,2623
Réunion,2000,2360
Réunion,2005,2556
Réunion,2010,2749
Réunion,2015,2907
Réunion,2020,3064
Saint Helena,1990,884
Saint Helena,1995,2207
Saint Helena,2000,3715
Saint Helena,2005,3268
Saint Helena,2010,3607
Saint Helena,2015,4285
Saint Helena,2020,4885
Saint Kitts and Nevis,1990,18618
Saint Kitts and Nevis,1995,24662
Saint Kitts and Nevis,2000,30867
Saint Kitts and Nevis,2005,33317
Saint Kitts and Nevis,2010,35795
Saint Kitts and Nevis,2015,40211
Saint Kitts and Nevis,2020,50285
Saint Lucia,1990,21999
Saint Lucia,1995,30672
Saint Lucia,2000,39556
Saint Lucia,2005,46897
Saint Lucia,2010,50318
Saint Lucia,2015,57939
Saint Lucia,2020,71227
Saint Pierre and Miquelon,1990,483
Saint Pierre and Miquelon,1995,477
Saint Pierre and Miquelon,2000,484
Saint Pierre and Miquelon,2005,426
Saint Pierre and Miquelon,2010,390
Saint Pierre and Miquelon,2015,400
Saint Pierre and Miquelon,2020,433
Saint Vincent and the Grenadines,1990,37010
Saint Vincent and the Grenadines,1995,45669
Saint Vincent and the Grenadines,2000,53543
Saint Vincent and the Grenadines,2005,55611
Saint Vincent and the Grenadines,2010,55435
Saint Vincent and the Grenadines,2015,62292
Saint Vincent and the Grenadines,2020,55525
Samoa,1990,74861
Samoa,1995,81952
Samoa,2000,94541
Samoa,2005,99230
Samoa,2010,104820
Samoa,2015,116855
Samoa,2020,135732
San Marino,1990,1413
San Marino,1995,2456
San Marino,2000,3494
San Marino,2005,2907
San Marino,2010,2266
San Marino,2015,3688
San Marino,2020,2407
Sao Tome and Principe,1990,13965
Sao Tome and Principe,1995,19261
Sao Tome and Principe,2000,25145
Sao Tome and Principe,2005,29859
Sao Tome and Principe,2010,30928
Sao Tome and Principe,2015,35162
Sao Tome and Principe,2020,39608
Saudi Arabia,1990,107045
Saudi Arabia,1995,130911
Saudi Arabia,2000,153614
Saudi Arabia,2005,178744
Saudi Arabia,2010,215338
Saudi Arabia,2015,282906
Saudi Arabia,2020,299268
Senegal,1990,370243
Senegal,1995,359061
Senegal,2000,394608
Senegal,2005,470508
Senegal,2010,547495
Senegal,2015,594507
Senegal,2020,693765
Serbia,1990,742547
Serbia,1995,914112
Serbia,2000,1131919
Serbia,2005,960621
Serbia,2010,936001
Serbia,2015,826891
Serbia,2020,1003962
Seychelles,1990,35633
Seychelles,1995,27798
Seychelles,2000,19244
Seychelles,2005,23487
Seychelles,2010,25932
Seychelles,2015,27483
Seychelles,2020,29258
Sierra Leone,1990,61853
Sierra Leone,1995,457827
Sierra Leone,2000,509098
Sierra Leone,2005,151886
Sierra Leone,2010,126730
Sierra Leone,2015,139296
Sierra Leone,2020,152486
Singapore,1990,156444
Singapore,1995,168100
Singapore,2000,192930
Singapore,2005,235683
Singapore,2010,282421
Singapore,2015,324639
Singapore,2020,348464
Sint Maarten (Dutch part),1990,707
Sint Maarten (Dutch part),1995,914
Sint Maarten (Dutch part),2000,1186
Sint Maarten (Dutch part),2005,1246
Sint Maarten (Dutch part),2010,3303
Sint Maarten (Dutch part),2015,1929
Sint Maarten (Dutch part),2020,2191
Slovakia,1990,132977
Slovakia,1995,191610
Slovakia,2000,251533
Slovakia,2005,271828
Slovakia,2010,260656
Slovakia,2015,347385
Slovakia,2020,419651
Slovenia,1990,91447
Slovenia,1995,108611
Slovenia,2000,118659
Slovenia,2005,119399
Slovenia,2010,122948
Slovenia,2015,136538
Slovenia,2020,160197
Solomon Islands,1990,2212
Solomon Islands,1995,2542
Solomon Islands,2000,2728
Solomon Islands,2005,2999
Solomon Islands,2010,3371
Solomon Islands,2015,3886
Solomon Islands,2020,4270
Somalia,1990,848055
Somalia,1995,968956
Somalia,2000,1006128
Somalia,2005,1060953
Somalia,2010,1595328
Somalia,2015,2008490
Somalia,2020,2034221
South Africa,1990,308120
South Africa,1995,385988
South Africa,2000,501600
South Africa,2005,601803
South Africa,2010,743807
South Africa,2015,786554
South Africa,2020,914901
South Sudan,1990,514943
South Sudan,1995,438044
South Sudan,2000,342628
South Sudan,2005,228537
South Sudan,2010,402616
South Sudan,2015,1060678
South Sudan,2020,2575870
Spain,1990,1439004
Spain,1995,1362409
Spain,2000,1290614
Spain,2005,1114465
Spain,2010,1087071
Spain,2015,1269283
Spain,2020,1489823
Sri Lanka,1990,883684
Sri Lanka,1995,923530
Sri Lanka,2000,979093
Sri Lanka,2005,1151553
Sri Lanka,2010,1454292
Sri Lanka,2015,1656253
Sri Lanka,2020,1960025
State of Palestine,1990,1812673
State of Palestine,1995,2274589
State of Palestine,2000,2767331
State of Palestine,2005,3258102
State of Palestine,2010,3539908
State of Palestine,2015,3773988
State of Palestine,2020,4022791
Sudan,1990,584935
Sudan,1995,775375
Sudan,2000,885660
Sudan,2005,1277632
Sudan,2010,1235193
Sudan,2015,1842602
Sudan,2020,2104887
Suriname,1990,177857
Suriname,1995,191535
Suriname,2000,211219
Suriname,2005,248782
Suriname,2010,258715
Suriname,2015,254612
Suriname,2020,273209
Sweden,1990,205942
Sweden,1995,225655
Sweden,2000,256610
Sweden,2005,267953
Sweden,2010,291904
Sweden,2015,302408
Sweden,2020,327581
Switzerland,1990,325580
Switzerland,1995,339249
Switzerland,2000,370442
Switzerland,2005,502289
Switzerland,2010,624385
Switzerland,2015,644855
Switzerland,2020,713623
Syrian Arab Republic,1990,620285
Syrian Arab Republic,1995,661278
Syrian Arab Republic,2000,707070
Syrian Arab Republic,2005,813361
Syrian Arab Republic,2010,1057322
Syrian Arab Republic,2015,6447843
Syrian Arab Republic,2020,8457214
Tajikistan,1990,537699
Tajikistan,1995,555426
Tajikistan,2000,541183
Tajikistan,2005,586235
Tajikistan,2010,584647
Tajikistan,2015,585060
Tajikistan,2020,586851
Thailand,1990,306924
Thailand,1995,411878
Thailand,2000,531028
Thailand,2005,631678
Thailand,2010,769257
Thailand,2015,921690
Thailand,2020,1086985
Timor-Leste,1990,11261
Timor-Leste,1995,79050
Timor-Leste,2000,148339
Timor-Leste,2005,94961
Timor-Leste,2010,35037
Timor-Leste,2015,37325
Timor-Leste,2020,39588
Togo,1990,193827
Togo,1995,309616
Togo,2000,267164
Togo,2005,405803
Togo,2010,417178
Togo,2015,495380
Togo,2020,545409
Tokelau,1990,1684
Tokelau,1995,1810
Tokelau,2000,2061
Tokelau,2005,2090
Tokelau,2010,2168
Tokelau,2015,2171
Tokelau,2020,2112
Tonga,1990,32665
Tonga,1995,38208
Tonga,2000,46444
Tonga,2005,48337
Tonga,2010,51521
Tonga,2015,59203
Tonga,2020,74550
Trinidad and Tobago,1990,197440
Trinidad and Tobago,1995,251142
Trinidad and Tobago,2000,307795
Trinidad and Tobago,2005,322906
Trinidad and Tobago,2010,350517
Trinidad and Tobago,2015,368633
Trinidad and Tobago,2020,330519
Tunisia,1990,465549
Tunisia,1995,476933
Tunisia,2000,486964
Tunisia,2005,579009
Tunisia,2010,615732
Tunisia,2015,774376
Tunisia,2020,902268
Turkey,1990,2512944
Turkey,1995,2771731
Turkey,2000,2847334
Turkey,2005,2577305
Turkey,2010,2708930
Turkey,2015,3073534
Turkey,2020,3411408
Turkmenistan,1990,260005
Turkmenistan,1995,243523
Turkmenistan,2000,224398
Turkmenistan,2005,231939
Turkmenistan,2010,234635
Turkmenistan,2015,238531
Turkmenistan,2020,242554
Turks and Caicos Islands,1990,2308
Turks and Caicos Islands,1995,1533
Turks and Caicos Islands,2000,740
Turks and Caicos Islands,2005,1190
Turks and Caicos Islands,2010,2197
Turks and Caicos Islands,2015,2454
Turks and Caicos Islands,2020,2689
Tuvalu,1990,2350
Tuvalu,1995,2738
Tuvalu,2000,2611
Tuvalu,2005,2917
Tuvalu,2010,3011
Tuvalu,2015,3203
Tuvalu,2020,3670
Uganda,1990,311591
Uganda,1995,361969
Uganda,2000,517776
Uganda,2005,586602
Uganda,2010,731768
Uganda,2015,786229
Uganda,2020,781440
Ukraine,1990,5545517
Ukraine,1995,5606133
Ukraine,2000,5596518
Ukraine,2005,5566382
Ukraine,2010,5429876
Ukraine,2015,5797550
Ukraine,2020,6139144
United Arab Emirates,1990,79499
United Arab Emirates,1995,97928
United Arab Emirates,2000,111082
United Arab Emirates,2005,125618
United Arab Emirates,2010,155609
United Arab Emirates,2015,178324
United Arab Emirates,2020,203214
United Kingdom,1990,3789316
United Kingdom,1995,3708650
United Kingdom,2000,3860006
United Kingdom,2005,4145206
United Kingdom,2010,4432928
United Kingdom,2015,4379366
United Kingdom,2020,4732510
United Republic of Tanzania,1990,203043
United Republic of Tanzania,1995,229151
United Republic of Tanzania,2000,215460
United Republic of Tanzania,2005,234918
United Republic of Tanzania,2010,262172
United Republic of Tanzania,2015,294102
United Republic of Tanzania,2020,327863
United States Virgin Islands,1990,2309
United States Virgin Islands,1995,3030
United States Virgin Islands,2000,3814
United States Virgin Islands,2005,3638
United States Virgin Islands,2010,3711
United States Virgin Islands,2015,3953
United States Virgin Islands,2020,3908
United States of America,1990,1726213
United States of America,1995,1827431
United States of America,2000,1979327
United States of America,2005,2296999
United States of America,2010,2670652
United States of America,2015,2717761
United States of America,2020,2996223
Uruguay,1990,237486
Uruguay,1995,233993
Uruguay,2000,235641
Uruguay,2005,298986
Uruguay,2010,338438
Uruguay,2015,353225
Uruguay,2020,367060
Uzbekistan,1990,1427980
Uzbekistan,1995,1515731
Uzbekistan,2000,1575965
Uzbekistan,2005,1730224
Uzbekistan,2010,1888942
Uzbekistan,2015,1976024
Uzbekistan,2020,2027823
Vanuatu,1990,4869
Vanuatu,1995,5611
Vanuatu,2000,6242
Vanuatu,2005,7264
Vanuatu,2010,7692
Vanuatu,2015,6751
Vanuatu,2020,7246
Venezuela (Bolivarian Republic of),1990,185492
Venezuela (Bolivarian Republic of),1995,241864
Venezuela (Bolivarian Republic of),2000,317753
Venezuela (Bolivarian Republic of),2005,437087
Venezuela (Bolivarian Republic of),2010,560528
Venezuela (Bolivarian Republic of),2015,709140
Venezuela (Bolivarian Republic of),2020,5415337
Viet Nam,1990,1505588
Viet Nam,1995,1842320
Viet Nam,2000,2158532
Viet Nam,2005,2376225
Viet Nam,2010,2630742
Viet Nam,2015,2909491
Viet Nam,2020,3392025
Wallis and Futuna Islands,1990,6484
Wallis and Futuna Islands,1995,6943
Wallis and Futuna Islands,2000,7401
Wallis and Futuna Islands,2005,7436
Wallis and Futuna Islands,2010,7465
Wallis and Futuna Islands,2015,11227
Wallis and Futuna Islands,2020,11917
Western Sahara,1990,168238
Western Sahara,1995,167146
Western Sahara,2000,166060
Western Sahara,2005,131288
Western Sahara,2010,170195
Western Sahara,2015,185885
Western Sahara,2020,194932
Yemen,1990,455492
Yemen,1995,486249
Yemen,2000,529396
Yemen,2005,628869
Yemen,2010,876383
Yemen,2015,1095240
Yemen,2020,1301166
Zambia,1990,85201
Zambia,1995,140895
Zambia,2000,160201
Zambia,2005,181499
Zambia,2010,182766
Zambia,2015,184371
Zambia,2020,200700
Zimbabwe,1990,204363
Zimbabwe,1995,287995
Zimbabwe,2000,351985
Zimbabwe,2005,500773
Zimbabwe,2010,754643
Zimbabwe,2015,1167064
Zimbabwe,2020,1243314
